Item	ChiSq.Statistic	df	pvalue
Wood by Ethnicity	149.889558462277	9	9.29668439308718e-28
Electricity by Ethnicity	90.8666109637667	9	1.0907494900226e-15
GobarGas by Ethnicity	188.499283638709	9	8.48183269138926e-36
Kerosene by Ethnicity	54.7959285167134	9	1.33201802627375e-08
LPGas by Ethnicity	276.665989579429	9	2.29819519065555e-54
Others by Ethnicity	79.8195593569035	9	1.75515516762784e-13
