Df	SumsOfSqs	MeanSqs	F.Model	R2	Pr(>F)
4	7.34186498654605	1.83546624663651	57.2241812178502	0.179420219089914	0.001
9	13.7887891586208	1.5320876842912	47.7657725649687	0.336969908375864	0.001
4	3.60953148558917	0.902382871397293	28.1335170588669	0.0882095940395418	0.001
1	0.879976238551126	0.879976238551126	27.4349472971943	0.0215048260631443	0.001
477	15.2997802854104	0.0320750110805249	NA	0.373895452431535	NA
495	40.9199421547176	NA	NA	1	NA
